CustomerID,CustomerName,RegionID,CustomerType
1,Resident 1,5,Residential
2,Resident 2,3,Residential
3,Resident 3,1,Residential
4,Resident 4,4,Residential
5,Resident 5,3,Residential
6,Resident 6,5,Residential
7,SME 7 Ltd,1,Commercial
8,Resident 8,1,Residential
9,Resident 9,2,Residential
10,Resident 10,1,Residential
11,Resident 11,1,Residential
12,Resident 12,2,Residential
13,Resident 13,4,Residential
14,Resident 14,2,Residential
15,Resident 15,1,Residential
16,Resident 16,1,Residential
17,Resident 17,5,Residential
18,Industrial Unit 18,4,Industrial
19,Resident 19,1,Residential
20,Resident 20,2,Residential
21,Resident 21,2,Residential
22,Resident 22,5,Residential
23,Resident 23,3,Residential
24,Resident 24,2,Residential
25,Resident 25,1,Residential
26,Industrial Unit 26,4,Industrial
27,SME 27 Ltd,4,Commercial
28,Resident 28,5,Residential
29,Resident 29,1,Residential
30,Resident 30,2,Residential
31,Resident 31,1,Residential
32,SME 32 Ltd,2,Commercial
33,Resident 33,2,Residential
34,Resident 34,4,Residential
35,Resident 35,5,Residential
36,SME 36 Ltd,1,Commercial
37,Resident 37,4,Residential
38,Resident 38,3,Residential
39,SME 39 Ltd,1,Commercial
40,Resident 40,1,Residential
41,SME 41 Ltd,3,Commercial
42,Resident 42,1,Residential
43,Resident 43,2,Residential
44,Resident 44,3,Residential
45,SME 45 Ltd,2,Commercial
46,Resident 46,3,Residential
47,SME 47 Ltd,3,Commercial
48,SME 48 Ltd,2,Commercial
49,Resident 49,2,Residential
50,Resident 50,1,Residential
51,Resident 51,3,Residential
52,Resident 52,2,Residential
53,SME 53 Ltd,1,Commercial
54,Resident 54,4,Residential
55,Resident 55,1,Residential
56,Resident 56,1,Residential
57,SME 57 Ltd,4,Commercial
58,Resident 58,4,Residential
59,SME 59 Ltd,1,Commercial
60,SME 60 Ltd,2,Commercial
61,SME 61 Ltd,4,Commercial
62,Resident 62,1,Residential
63,Resident 63,2,Residential
64,SME 64 Ltd,4,Commercial
65,Resident 65,2,Residential
66,Resident 66,1,Residential
67,Resident 67,2,Residential
68,SME 68 Ltd,2,Commercial
69,Resident 69,3,Residential
70,Resident 70,5,Residential
71,Industrial Unit 71,1,Industrial
72,Resident 72,2,Residential
73,Resident 73,1,Residential
74,Resident 74,2,Residential
75,Resident 75,1,Residential
76,SME 76 Ltd,1,Commercial
77,Resident 77,2,Residential
78,Industrial Unit 78,1,Industrial
79,Resident 79,4,Residential
80,Resident 80,3,Residential
81,Resident 81,3,Residential
82,Resident 82,2,Residential
83,Resident 83,4,Residential
84,Resident 84,1,Residential
85,Resident 85,3,Residential
86,Resident 86,1,Residential
87,Resident 87,1,Residential
88,Resident 88,1,Residential
89,Resident 89,2,Residential
90,SME 90 Ltd,1,Commercial
91,Resident 91,1,Residential
92,SME 92 Ltd,4,Commercial
93,Resident 93,3,Residential
94,SME 94 Ltd,3,Commercial
95,Resident 95,1,Residential
96,Resident 96,4,Residential
97,SME 97 Ltd,3,Commercial
98,Resident 98,2,Residential
99,Resident 99,4,Residential
100,SME 100 Ltd,4,Commercial
101,Resident 101,1,Residential
102,Resident 102,4,Residential
103,Resident 103,1,Residential
104,Resident 104,3,Residential
105,Resident 105,1,Residential
106,Resident 106,3,Residential
107,Resident 107,1,Residential
108,Resident 108,1,Residential
109,Resident 109,3,Residential
110,Resident 110,4,Residential
111,Resident 111,3,Residential
112,Resident 112,2,Residential
113,Resident 113,1,Residential
114,Industrial Unit 114,2,Industrial
115,SME 115 Ltd,3,Commercial
116,SME 116 Ltd,2,Commercial
117,Resident 117,2,Residential
118,Resident 118,3,Residential
119,Resident 119,1,Residential
120,Resident 120,1,Residential
121,SME 121 Ltd,5,Commercial
122,SME 122 Ltd,2,Commercial
123,Resident 123,5,Residential
124,Resident 124,5,Residential
125,Industrial Unit 125,4,Industrial
126,Resident 126,2,Residential
127,SME 127 Ltd,2,Commercial
128,Resident 128,3,Residential
129,SME 129 Ltd,3,Commercial
130,Resident 130,1,Residential
131,Resident 131,5,Residential
132,Resident 132,2,Residential
133,SME 133 Ltd,3,Commercial
134,Resident 134,3,Residential
135,Resident 135,1,Residential
136,SME 136 Ltd,4,Commercial
137,SME 137 Ltd,5,Commercial
138,Resident 138,2,Residential
139,SME 139 Ltd,3,Commercial
140,Resident 140,4,Residential
141,SME 141 Ltd,2,Commercial
142,Resident 142,1,Residential
143,Resident 143,1,Residential
144,Resident 144,2,Residential
145,Resident 145,3,Residential
146,Resident 146,1,Residential
147,SME 147 Ltd,2,Commercial
148,Resident 148,2,Residential
149,SME 149 Ltd,1,Commercial
150,Resident 150,1,Residential
151,Resident 151,2,Residential
152,Resident 152,3,Residential
153,Resident 153,5,Residential
154,Resident 154,2,Residential
155,SME 155 Ltd,1,Commercial
156,Resident 156,1,Residential
157,Resident 157,5,Residential
158,SME 158 Ltd,3,Commercial
159,Resident 159,1,Residential
160,Resident 160,1,Residential
161,Resident 161,3,Residential
162,Resident 162,1,Residential
163,Industrial Unit 163,3,Industrial
164,Resident 164,3,Residential
165,Resident 165,1,Residential
166,Resident 166,4,Residential
167,Resident 167,1,Residential
168,Resident 168,1,Residential
169,SME 169 Ltd,3,Commercial
170,Resident 170,1,Residential
171,Resident 171,2,Residential
172,Resident 172,2,Residential
173,Resident 173,3,Residential
174,Resident 174,1,Residential
175,Resident 175,3,Residential
176,Resident 176,4,Residential
177,Resident 177,1,Residential
178,Resident 178,3,Residential
179,Resident 179,3,Residential
180,SME 180 Ltd,3,Commercial
181,Resident 181,3,Residential
182,Resident 182,2,Residential
183,SME 183 Ltd,2,Commercial
184,Industrial Unit 184,5,Industrial
185,Resident 185,1,Residential
186,Resident 186,1,Residential
187,Resident 187,3,Residential
188,Resident 188,2,Residential
189,SME 189 Ltd,1,Commercial
190,SME 190 Ltd,1,Commercial
191,Resident 191,3,Residential
192,Resident 192,4,Residential
193,Resident 193,4,Residential
194,Resident 194,1,Residential
195,SME 195 Ltd,4,Commercial
196,Industrial Unit 196,2,Industrial
197,Resident 197,4,Residential
198,Resident 198,5,Residential
199,SME 199 Ltd,2,Commercial
200,SME 200 Ltd,4,Commercial
201,Resident 201,5,Residential
202,Resident 202,4,Residential
203,Resident 203,4,Residential
204,Resident 204,1,Residential
205,SME 205 Ltd,1,Commercial
206,Resident 206,5,Residential
207,Industrial Unit 207,3,Industrial
208,Resident 208,2,Residential
209,Resident 209,2,Residential
210,Resident 210,4,Residential
211,SME 211 Ltd,4,Commercial
212,Resident 212,2,Residential
213,Resident 213,2,Residential
214,Resident 214,4,Residential
215,Resident 215,1,Residential
216,Resident 216,4,Residential
217,Resident 217,1,Residential
218,Resident 218,3,Residential
219,Resident 219,4,Residential
220,Resident 220,1,Residential
221,Resident 221,5,Residential
222,Resident 222,2,Residential
223,SME 223 Ltd,5,Commercial
224,Industrial Unit 224,4,Industrial
225,Resident 225,1,Residential
226,SME 226 Ltd,3,Commercial
227,Resident 227,5,Residential
228,Resident 228,2,Residential
229,Resident 229,2,Residential
230,Resident 230,1,Residential
231,Resident 231,3,Residential
232,Resident 232,3,Residential
233,Industrial Unit 233,2,Industrial
234,Resident 234,4,Residential
235,Resident 235,5,Residential
236,Resident 236,5,Residential
237,Resident 237,4,Residential
238,Resident 238,5,Residential
239,Resident 239,3,Residential
240,Industrial Unit 240,2,Industrial
241,Resident 241,3,Residential
242,Resident 242,3,Residential
243,Resident 243,5,Residential
244,Resident 244,1,Residential
245,Industrial Unit 245,4,Industrial
246,Resident 246,3,Residential
247,Resident 247,1,Residential
248,Resident 248,2,Residential
249,Resident 249,1,Residential
250,Industrial Unit 250,5,Industrial
251,Resident 251,2,Residential
252,Resident 252,4,Residential
253,Resident 253,1,Residential
254,SME 254 Ltd,4,Commercial
255,SME 255 Ltd,3,Commercial
256,Resident 256,2,Residential
257,SME 257 Ltd,4,Commercial
258,Resident 258,1,Residential
259,Resident 259,4,Residential
260,Industrial Unit 260,1,Industrial
261,Resident 261,2,Residential
262,Industrial Unit 262,4,Industrial
263,SME 263 Ltd,2,Commercial
264,Resident 264,1,Residential
265,Resident 265,4,Residential
266,SME 266 Ltd,5,Commercial
267,Industrial Unit 267,3,Industrial
268,SME 268 Ltd,5,Commercial
269,SME 269 Ltd,1,Commercial
270,Resident 270,1,Residential
271,Industrial Unit 271,3,Industrial
272,Resident 272,3,Residential
273,Resident 273,2,Residential
274,Resident 274,3,Residential
275,Resident 275,4,Residential
276,Resident 276,4,Residential
277,Resident 277,3,Residential
278,SME 278 Ltd,2,Commercial
279,Resident 279,1,Residential
280,SME 280 Ltd,3,Commercial
281,Resident 281,1,Residential
282,Resident 282,1,Residential
283,Resident 283,3,Residential
284,Resident 284,2,Residential
285,SME 285 Ltd,2,Commercial
286,Resident 286,4,Residential
287,Resident 287,3,Residential
288,SME 288 Ltd,5,Commercial
289,Resident 289,5,Residential
290,Resident 290,1,Residential
291,Resident 291,5,Residential
292,Resident 292,2,Residential
293,Resident 293,1,Residential
294,Resident 294,1,Residential
295,Resident 295,1,Residential
296,Resident 296,3,Residential
297,Resident 297,2,Residential
298,SME 298 Ltd,2,Commercial
299,Resident 299,1,Residential
300,Resident 300,1,Residential
301,Resident 301,1,Residential
302,Resident 302,1,Residential
303,Resident 303,2,Residential
304,Resident 304,2,Residential
305,Resident 305,3,Residential
306,Resident 306,4,Residential
307,Resident 307,1,Residential
308,SME 308 Ltd,5,Commercial
309,Resident 309,1,Residential
310,SME 310 Ltd,3,Commercial
311,Resident 311,1,Residential
312,Resident 312,2,Residential
313,Resident 313,2,Residential
314,Resident 314,3,Residential
315,Resident 315,1,Residential
316,Resident 316,4,Residential
317,Resident 317,2,Residential
318,Resident 318,2,Residential
319,Resident 319,1,Residential
320,Resident 320,2,Residential
321,Resident 321,2,Residential
322,Resident 322,2,Residential
323,Resident 323,4,Residential
324,Resident 324,3,Residential
325,SME 325 Ltd,2,Commercial
326,Resident 326,2,Residential
327,Resident 327,3,Residential
328,Resident 328,1,Residential
329,Resident 329,2,Residential
330,Resident 330,3,Residential
331,Resident 331,5,Residential
332,Resident 332,1,Residential
333,Resident 333,1,Residential
334,Resident 334,1,Residential
335,Resident 335,1,Residential
336,Resident 336,4,Residential
337,Resident 337,2,Residential
338,Resident 338,5,Residential
339,Resident 339,2,Residential
340,Industrial Unit 340,4,Industrial
341,SME 341 Ltd,1,Commercial
342,Resident 342,3,Residential
343,SME 343 Ltd,3,Commercial
344,Resident 344,1,Residential
345,SME 345 Ltd,1,Commercial
346,Resident 346,2,Residential
347,Resident 347,1,Residential
348,Resident 348,3,Residential
349,Resident 349,3,Residential
350,Resident 350,2,Residential
351,Resident 351,1,Residential
352,Resident 352,1,Residential
353,Resident 353,5,Residential
354,Resident 354,4,Residential
355,Resident 355,3,Residential
356,SME 356 Ltd,3,Commercial
357,Resident 357,2,Residential
358,Resident 358,5,Residential
359,SME 359 Ltd,5,Commercial
360,Resident 360,3,Residential
361,SME 361 Ltd,1,Commercial
362,Resident 362,3,Residential
363,Resident 363,4,Residential
364,Resident 364,4,Residential
365,Resident 365,1,Residential
366,Resident 366,4,Residential
367,Resident 367,2,Residential
368,Resident 368,4,Residential
369,Resident 369,4,Residential
370,Resident 370,2,Residential
371,Resident 371,2,Residential
372,Resident 372,2,Residential
373,Resident 373,4,Residential
374,Resident 374,2,Residential
375,SME 375 Ltd,3,Commercial
376,Resident 376,5,Residential
377,Resident 377,2,Residential
378,Resident 378,4,Residential
379,Resident 379,2,Residential
380,SME 380 Ltd,4,Commercial
381,Resident 381,2,Residential
382,Resident 382,3,Residential
383,Resident 383,3,Residential
384,SME 384 Ltd,4,Commercial
385,Resident 385,4,Residential
386,Resident 386,4,Residential
387,Resident 387,2,Residential
388,SME 388 Ltd,1,Commercial
389,Resident 389,3,Residential
390,Resident 390,3,Residential
391,Resident 391,2,Residential
392,Resident 392,2,Residential
393,Resident 393,5,Residential
394,Resident 394,2,Residential
395,Resident 395,5,Residential
396,Resident 396,3,Residential
397,Resident 397,3,Residential
398,Resident 398,4,Residential
399,SME 399 Ltd,3,Commercial
400,Resident 400,5,Residential
401,Resident 401,1,Residential
402,Resident 402,3,Residential
403,Resident 403,3,Residential
404,SME 404 Ltd,5,Commercial
405,Resident 405,1,Residential
406,Industrial Unit 406,4,Industrial
407,Resident 407,5,Residential
408,SME 408 Ltd,2,Commercial
409,Resident 409,2,Residential
410,Resident 410,2,Residential
411,SME 411 Ltd,1,Commercial
412,Resident 412,2,Residential
413,Resident 413,5,Residential
414,Resident 414,2,Residential
415,Resident 415,2,Residential
416,Resident 416,2,Residential
417,Resident 417,1,Residential
418,Resident 418,2,Residential
419,SME 419 Ltd,2,Commercial
420,Resident 420,3,Residential
421,Resident 421,3,Residential
422,Resident 422,5,Residential
423,Resident 423,2,Residential
424,Resident 424,5,Residential
425,Resident 425,3,Residential
426,Resident 426,3,Residential
427,Resident 427,4,Residential
428,Resident 428,1,Residential
429,Resident 429,2,Residential
430,Resident 430,1,Residential
431,SME 431 Ltd,2,Commercial
432,Resident 432,2,Residential
433,Resident 433,3,Residential
434,Resident 434,1,Residential
435,SME 435 Ltd,5,Commercial
436,Resident 436,1,Residential
437,Resident 437,2,Residential
438,Resident 438,1,Residential
439,Resident 439,3,Residential
440,Resident 440,1,Residential
441,Resident 441,3,Residential
442,Resident 442,1,Residential
443,SME 443 Ltd,1,Commercial
444,Resident 444,1,Residential
445,Resident 445,1,Residential
446,Resident 446,4,Residential
447,SME 447 Ltd,2,Commercial
448,Resident 448,1,Residential
449,Resident 449,4,Residential
450,Resident 450,1,Residential
451,Resident 451,1,Residential
452,Resident 452,3,Residential
453,Resident 453,4,Residential
454,SME 454 Ltd,2,Commercial
455,Resident 455,2,Residential
456,Resident 456,1,Residential
457,Resident 457,2,Residential
458,Resident 458,2,Residential
459,Resident 459,5,Residential
460,SME 460 Ltd,1,Commercial
461,SME 461 Ltd,2,Commercial
462,SME 462 Ltd,4,Commercial
463,Resident 463,1,Residential
464,Resident 464,2,Residential
465,Resident 465,1,Residential
466,Resident 466,4,Residential
467,Industrial Unit 467,2,Industrial
468,Resident 468,1,Residential
469,Resident 469,5,Residential
470,Resident 470,3,Residential
471,Resident 471,3,Residential
472,Resident 472,4,Residential
473,Resident 473,1,Residential
474,Resident 474,5,Residential
475,SME 475 Ltd,3,Commercial
476,Resident 476,3,Residential
477,Resident 477,5,Residential
478,Resident 478,2,Residential
479,Resident 479,1,Residential
480,Resident 480,3,Residential
481,Resident 481,3,Residential
482,Resident 482,2,Residential
483,Resident 483,2,Residential
484,Resident 484,1,Residential
485,Resident 485,2,Residential
486,Resident 486,5,Residential
487,Resident 487,1,Residential
488,Resident 488,1,Residential
489,Resident 489,1,Residential
490,Resident 490,3,Residential
491,Resident 491,4,Residential
492,Resident 492,1,Residential
493,Resident 493,2,Residential
494,Resident 494,2,Residential
495,Resident 495,4,Residential
496,SME 496 Ltd,3,Commercial
497,Resident 497,3,Residential
498,Resident 498,1,Residential
499,SME 499 Ltd,1,Commercial
500,Industrial Unit 500,2,Industrial
501,Resident 501,2,Residential
502,SME 502 Ltd,3,Commercial
503,SME 503 Ltd,3,Commercial
504,Resident 504,4,Residential
505,Resident 505,2,Residential
506,Resident 506,5,Residential
507,SME 507 Ltd,1,Commercial
508,Resident 508,5,Residential
509,Resident 509,3,Residential
510,SME 510 Ltd,1,Commercial
511,Resident 511,1,Residential
512,SME 512 Ltd,5,Commercial
513,SME 513 Ltd,2,Commercial
514,SME 514 Ltd,4,Commercial
515,Resident 515,4,Residential
516,Resident 516,3,Residential
517,Resident 517,1,Residential
518,Resident 518,3,Residential
519,Resident 519,3,Residential
520,Resident 520,2,Residential
521,Resident 521,4,Residential
522,Resident 522,3,Residential
523,SME 523 Ltd,3,Commercial
524,Resident 524,1,Residential
525,SME 525 Ltd,1,Commercial
526,SME 526 Ltd,2,Commercial
527,SME 527 Ltd,4,Commercial
528,Industrial Unit 528,2,Industrial
529,SME 529 Ltd,2,Commercial
530,Resident 530,3,Residential
531,SME 531 Ltd,5,Commercial
532,SME 532 Ltd,2,Commercial
533,Resident 533,3,Residential
534,Resident 534,1,Residential
535,Resident 535,1,Residential
536,Resident 536,1,Residential
537,Resident 537,1,Residential
538,Industrial Unit 538,2,Industrial
539,Resident 539,3,Residential
540,Resident 540,5,Residential
541,SME 541 Ltd,1,Commercial
542,Resident 542,4,Residential
543,SME 543 Ltd,2,Commercial
544,Resident 544,1,Residential
545,Industrial Unit 545,1,Industrial
546,SME 546 Ltd,3,Commercial
547,Resident 547,2,Residential
548,Resident 548,1,Residential
549,Resident 549,1,Residential
550,SME 550 Ltd,2,Commercial
551,Resident 551,5,Residential
552,SME 552 Ltd,5,Commercial
553,Industrial Unit 553,1,Industrial
554,Resident 554,4,Residential
555,Resident 555,1,Residential
556,SME 556 Ltd,1,Commercial
557,Resident 557,2,Residential
558,Resident 558,3,Residential
559,Resident 559,4,Residential
560,Resident 560,1,Residential
561,SME 561 Ltd,5,Commercial
562,SME 562 Ltd,4,Commercial
563,Resident 563,3,Residential
564,Resident 564,2,Residential
565,Resident 565,1,Residential
566,Resident 566,2,Residential
567,Resident 567,1,Residential
568,Resident 568,1,Residential
569,SME 569 Ltd,2,Commercial
570,Resident 570,3,Residential
571,SME 571 Ltd,2,Commercial
572,Resident 572,3,Residential
573,Resident 573,4,Residential
574,SME 574 Ltd,3,Commercial
575,SME 575 Ltd,4,Commercial
576,Resident 576,4,Residential
577,Resident 577,3,Residential
578,Resident 578,4,Residential
579,Resident 579,4,Residential
580,SME 580 Ltd,1,Commercial
581,SME 581 Ltd,1,Commercial
582,Resident 582,3,Residential
583,Resident 583,4,Residential
584,SME 584 Ltd,2,Commercial
585,Resident 585,1,Residential
586,Resident 586,5,Residential
587,Resident 587,1,Residential
588,Resident 588,2,Residential
589,SME 589 Ltd,1,Commercial
590,SME 590 Ltd,2,Commercial
591,Industrial Unit 591,2,Industrial
592,Resident 592,5,Residential
593,Resident 593,5,Residential
594,Resident 594,1,Residential
595,Resident 595,3,Residential
596,Resident 596,3,Residential
597,Resident 597,3,Residential
598,Resident 598,4,Residential
599,Industrial Unit 599,5,Industrial
600,Resident 600,1,Residential
601,SME 601 Ltd,1,Commercial
602,Resident 602,2,Residential
603,Resident 603,4,Residential
604,Resident 604,2,Residential
605,Resident 605,5,Residential
606,Resident 606,2,Residential
607,Resident 607,4,Residential
608,Resident 608,1,Residential
609,Resident 609,3,Residential
610,Resident 610,1,Residential
611,Industrial Unit 611,1,Industrial
612,Resident 612,5,Residential
613,Resident 613,3,Residential
614,Resident 614,1,Residential
615,Industrial Unit 615,2,Industrial
616,SME 616 Ltd,1,Commercial
617,Resident 617,1,Residential
618,Resident 618,2,Residential
619,SME 619 Ltd,2,Commercial
620,Industrial Unit 620,1,Industrial
621,SME 621 Ltd,4,Commercial
622,SME 622 Ltd,4,Commercial
623,SME 623 Ltd,3,Commercial
624,Resident 624,1,Residential
625,SME 625 Ltd,3,Commercial
626,SME 626 Ltd,2,Commercial
627,Resident 627,1,Residential
628,Resident 628,2,Residential
629,Resident 629,2,Residential
630,Resident 630,3,Residential
631,Resident 631,4,Residential
632,Resident 632,2,Residential
633,Resident 633,1,Residential
634,Resident 634,2,Residential
635,Resident 635,1,Residential
636,Resident 636,4,Residential
637,SME 637 Ltd,1,Commercial
638,Resident 638,1,Residential
639,Resident 639,5,Residential
640,Resident 640,2,Residential
641,Resident 641,3,Residential
642,Resident 642,1,Residential
643,Resident 643,2,Residential
644,Resident 644,2,Residential
645,Resident 645,1,Residential
646,Resident 646,1,Residential
647,Resident 647,3,Residential
648,SME 648 Ltd,1,Commercial
649,Resident 649,1,Residential
650,Resident 650,3,Residential
651,Resident 651,5,Residential
652,Resident 652,2,Residential
653,Resident 653,4,Residential
654,Resident 654,4,Residential
655,Resident 655,4,Residential
656,Resident 656,4,Residential
657,Resident 657,4,Residential
658,Resident 658,3,Residential
659,Resident 659,3,Residential
660,Resident 660,1,Residential
661,Resident 661,1,Residential
662,SME 662 Ltd,1,Commercial
663,Industrial Unit 663,2,Industrial
664,Resident 664,4,Residential
665,Resident 665,2,Residential
666,Resident 666,3,Residential
667,Resident 667,5,Residential
668,Industrial Unit 668,3,Industrial
669,Resident 669,3,Residential
670,Resident 670,1,Residential
671,Resident 671,2,Residential
672,SME 672 Ltd,3,Commercial
673,Resident 673,2,Residential
674,Resident 674,2,Residential
675,Industrial Unit 675,1,Industrial
676,SME 676 Ltd,3,Commercial
677,Resident 677,3,Residential
678,Resident 678,4,Residential
679,SME 679 Ltd,2,Commercial
680,Resident 680,3,Residential
681,SME 681 Ltd,1,Commercial
682,Resident 682,3,Residential
683,Resident 683,1,Residential
684,Resident 684,5,Residential
685,Resident 685,1,Residential
686,Industrial Unit 686,1,Industrial
687,SME 687 Ltd,2,Commercial
688,Resident 688,4,Residential
689,Resident 689,2,Residential
690,Resident 690,3,Residential
691,Resident 691,2,Residential
692,Industrial Unit 692,1,Industrial
693,Resident 693,2,Residential
694,SME 694 Ltd,1,Commercial
695,Industrial Unit 695,2,Industrial
696,Resident 696,1,Residential
697,Resident 697,2,Residential
698,Resident 698,4,Residential
699,Resident 699,1,Residential
700,Resident 700,3,Residential
701,Resident 701,1,Residential
702,Resident 702,3,Residential
703,Resident 703,2,Residential
704,SME 704 Ltd,4,Commercial
705,Resident 705,4,Residential
706,Resident 706,1,Residential
707,Resident 707,1,Residential
708,Resident 708,5,Residential
709,Resident 709,1,Residential
710,Resident 710,5,Residential
711,Resident 711,2,Residential
712,Resident 712,1,Residential
713,Industrial Unit 713,5,Industrial
714,Resident 714,5,Residential
715,Resident 715,4,Residential
716,Resident 716,2,Residential
717,Resident 717,3,Residential
718,Resident 718,1,Residential
719,Resident 719,3,Residential
720,Resident 720,3,Residential
721,Industrial Unit 721,1,Industrial
722,Resident 722,2,Residential
723,SME 723 Ltd,1,Commercial
724,Resident 724,4,Residential
725,SME 725 Ltd,3,Commercial
726,Resident 726,3,Residential
727,SME 727 Ltd,3,Commercial
728,Resident 728,5,Residential
729,Resident 729,3,Residential
730,Resident 730,3,Residential
731,Resident 731,3,Residential
732,Resident 732,3,Residential
733,Industrial Unit 733,1,Industrial
734,Industrial Unit 734,2,Industrial
735,SME 735 Ltd,4,Commercial
736,Resident 736,3,Residential
737,SME 737 Ltd,2,Commercial
738,Resident 738,3,Residential
739,SME 739 Ltd,4,Commercial
740,SME 740 Ltd,2,Commercial
741,SME 741 Ltd,1,Commercial
742,Resident 742,1,Residential
743,Resident 743,2,Residential
744,Resident 744,3,Residential
745,Resident 745,2,Residential
746,Resident 746,2,Residential
747,Resident 747,1,Residential
748,Resident 748,3,Residential
749,Resident 749,2,Residential
750,Resident 750,4,Residential
751,Resident 751,2,Residential
752,Resident 752,2,Residential
753,Resident 753,2,Residential
754,Resident 754,2,Residential
755,Resident 755,4,Residential
756,SME 756 Ltd,3,Commercial
757,Industrial Unit 757,1,Industrial
758,Resident 758,1,Residential
759,Resident 759,4,Residential
760,Resident 760,5,Residential
761,Resident 761,5,Residential
762,Resident 762,1,Residential
763,Resident 763,1,Residential
764,Resident 764,2,Residential
765,SME 765 Ltd,2,Commercial
766,Resident 766,3,Residential
767,Resident 767,1,Residential
768,Resident 768,1,Residential
769,Resident 769,3,Residential
770,Resident 770,2,Residential
771,Resident 771,1,Residential
772,Resident 772,1,Residential
773,Industrial Unit 773,2,Industrial
774,SME 774 Ltd,3,Commercial
775,Resident 775,3,Residential
776,Industrial Unit 776,3,Industrial
777,SME 777 Ltd,4,Commercial
778,Resident 778,1,Residential
779,Resident 779,2,Residential
780,SME 780 Ltd,5,Commercial
781,Resident 781,1,Residential
782,SME 782 Ltd,1,Commercial
783,SME 783 Ltd,2,Commercial
784,Resident 784,1,Residential
785,Resident 785,2,Residential
786,Resident 786,1,Residential
787,Resident 787,4,Residential
788,Resident 788,1,Residential
789,Resident 789,3,Residential
790,Resident 790,2,Residential
791,Resident 791,2,Residential
792,Resident 792,2,Residential
793,Industrial Unit 793,1,Industrial
794,Resident 794,2,Residential
795,Resident 795,3,Residential
796,Resident 796,5,Residential
797,Resident 797,1,Residential
798,Resident 798,3,Residential
799,Resident 799,1,Residential
800,Resident 800,4,Residential
801,Resident 801,2,Residential
802,Resident 802,2,Residential
803,Resident 803,2,Residential
804,Resident 804,4,Residential
805,Resident 805,2,Residential
806,SME 806 Ltd,3,Commercial
807,Resident 807,2,Residential
808,Resident 808,3,Residential
809,Industrial Unit 809,3,Industrial
810,Resident 810,3,Residential
811,Resident 811,1,Residential
812,Resident 812,5,Residential
813,Resident 813,3,Residential
814,Resident 814,2,Residential
815,Resident 815,2,Residential
816,SME 816 Ltd,2,Commercial
817,Resident 817,4,Residential
818,SME 818 Ltd,1,Commercial
819,Resident 819,1,Residential
820,Industrial Unit 820,5,Industrial
821,Resident 821,4,Residential
822,Resident 822,3,Residential
823,Resident 823,4,Residential
824,Resident 824,4,Residential
825,SME 825 Ltd,3,Commercial
826,Resident 826,2,Residential
827,Resident 827,2,Residential
828,Resident 828,5,Residential
829,Resident 829,2,Residential
830,Resident 830,2,Residential
831,Resident 831,2,Residential
832,SME 832 Ltd,2,Commercial
833,Industrial Unit 833,4,Industrial
834,Resident 834,5,Residential
835,Resident 835,4,Residential
836,Resident 836,4,Residential
837,SME 837 Ltd,4,Commercial
838,SME 838 Ltd,2,Commercial
839,Resident 839,2,Residential
840,Resident 840,3,Residential
841,Resident 841,5,Residential
842,Resident 842,4,Residential
843,Resident 843,4,Residential
844,SME 844 Ltd,2,Commercial
845,Resident 845,4,Residential
846,Resident 846,2,Residential
847,Resident 847,1,Residential
848,Resident 848,1,Residential
849,Resident 849,1,Residential
850,Industrial Unit 850,2,Industrial
851,Industrial Unit 851,2,Industrial
852,Resident 852,2,Residential
853,Resident 853,1,Residential
854,Resident 854,1,Residential
855,Resident 855,3,Residential
856,Resident 856,1,Residential
857,SME 857 Ltd,2,Commercial
858,Resident 858,5,Residential
859,Resident 859,3,Residential
860,Industrial Unit 860,1,Industrial
861,Resident 861,1,Residential
862,Resident 862,1,Residential
863,Resident 863,1,Residential
864,Resident 864,5,Residential
865,SME 865 Ltd,3,Commercial
866,Resident 866,3,Residential
867,Resident 867,2,Residential
868,Resident 868,4,Residential
869,Resident 869,1,Residential
870,Resident 870,2,Residential
871,SME 871 Ltd,3,Commercial
872,SME 872 Ltd,1,Commercial
873,Resident 873,2,Residential
874,Resident 874,1,Residential
875,SME 875 Ltd,1,Commercial
876,Resident 876,1,Residential
877,Resident 877,1,Residential
878,Industrial Unit 878,4,Industrial
879,Industrial Unit 879,2,Industrial
880,Resident 880,2,Residential
881,Resident 881,4,Residential
882,Resident 882,2,Residential
883,Resident 883,2,Residential
884,Resident 884,2,Residential
885,Resident 885,2,Residential
886,Resident 886,4,Residential
887,SME 887 Ltd,5,Commercial
888,SME 888 Ltd,2,Commercial
889,Resident 889,2,Residential
890,Resident 890,4,Residential
891,Resident 891,5,Residential
892,Resident 892,3,Residential
893,Resident 893,4,Residential
894,Resident 894,3,Residential
895,Resident 895,2,Residential
896,Resident 896,3,Residential
897,Resident 897,3,Residential
898,Resident 898,1,Residential
899,Resident 899,1,Residential
900,Resident 900,1,Residential
901,Industrial Unit 901,3,Industrial
902,Resident 902,1,Residential
903,Resident 903,4,Residential
904,Resident 904,1,Residential
905,Resident 905,1,Residential
906,Resident 906,4,Residential
907,Resident 907,1,Residential
908,Resident 908,5,Residential
909,Resident 909,4,Residential
910,Resident 910,2,Residential
911,Resident 911,1,Residential
912,Resident 912,4,Residential
913,Resident 913,2,Residential
914,Resident 914,5,Residential
915,SME 915 Ltd,1,Commercial
916,Industrial Unit 916,3,Industrial
917,Resident 917,3,Residential
918,SME 918 Ltd,3,Commercial
919,Resident 919,2,Residential
920,SME 920 Ltd,1,Commercial
921,Resident 921,2,Residential
922,Resident 922,3,Residential
923,SME 923 Ltd,1,Commercial
924,Resident 924,1,Residential
925,SME 925 Ltd,3,Commercial
926,Resident 926,4,Residential
927,SME 927 Ltd,4,Commercial
928,SME 928 Ltd,1,Commercial
929,SME 929 Ltd,2,Commercial
930,SME 930 Ltd,3,Commercial
931,SME 931 Ltd,3,Commercial
932,Resident 932,2,Residential
933,Industrial Unit 933,5,Industrial
934,Resident 934,1,Residential
935,Resident 935,3,Residential
936,SME 936 Ltd,1,Commercial
937,Resident 937,4,Residential
938,Resident 938,2,Residential
939,Resident 939,2,Residential
940,Resident 940,3,Residential
941,Resident 941,4,Residential
942,Resident 942,4,Residential
943,Resident 943,2,Residential
944,Resident 944,1,Residential
945,Resident 945,5,Residential
946,Resident 946,2,Residential
947,SME 947 Ltd,1,Commercial
948,Resident 948,3,Residential
949,Resident 949,1,Residential
950,Resident 950,4,Residential
951,Resident 951,1,Residential
952,SME 952 Ltd,1,Commercial
953,Resident 953,1,Residential
954,Industrial Unit 954,2,Industrial
955,Resident 955,1,Residential
956,Resident 956,4,Residential
957,Industrial Unit 957,2,Industrial
958,Resident 958,3,Residential
959,SME 959 Ltd,3,Commercial
960,Resident 960,2,Residential
961,Resident 961,1,Residential
962,Resident 962,2,Residential
963,SME 963 Ltd,1,Commercial
964,Resident 964,2,Residential
965,Resident 965,1,Residential
966,Resident 966,3,Residential
967,Resident 967,3,Residential
968,Resident 968,4,Residential
969,Resident 969,4,Residential
970,Resident 970,1,Residential
971,Resident 971,2,Residential
972,SME 972 Ltd,3,Commercial
973,SME 973 Ltd,2,Commercial
974,Resident 974,1,Residential
975,Resident 975,2,Residential
976,Resident 976,1,Residential
977,Resident 977,3,Residential
978,Industrial Unit 978,5,Industrial
979,Resident 979,2,Residential
980,Resident 980,4,Residential
981,Resident 981,2,Residential
982,SME 982 Ltd,2,Commercial
983,Resident 983,3,Residential
984,Resident 984,2,Residential
985,Resident 985,1,Residential
986,Resident 986,4,Residential
987,Resident 987,2,Residential
988,Resident 988,5,Residential
989,Resident 989,2,Residential
990,SME 990 Ltd,4,Commercial
991,Resident 991,4,Residential
992,Resident 992,2,Residential
993,Resident 993,1,Residential
994,Resident 994,2,Residential
995,Resident 995,3,Residential
996,SME 996 Ltd,1,Commercial
997,Resident 997,1,Residential
998,SME 998 Ltd,3,Commercial
999,Industrial Unit 999,1,Industrial
1000,Resident 1000,1,Residential
